No.,Title,Year,Rating,Duration (minutes),Rating Amount,Group,Short Description,Directors,Stars
1,The Shawshank Redemption,1994,9.3,142,3000000,R,"A banker convicted of uxoricide forms a friendship over a quarter century with a hardened convict, while maintaining his innocence and trying to remain hopeful through simple compassion.",Frank Darabont,"Tim Robbins, Morgan Freeman, Bob Gunton"
2,The Godfather,1972,9.2,175,2100000,R,The aging patriarch of an organized crime dynasty transfers control of his clandestine empire to his reluctant son.,Francis Ford Coppola,"Marlon Brando, Al Pacino, James Caan"
3,The Dark Knight,2008,9.0,152,3000000,PG-13,"When a menace known as the Joker wreaks havoc and chaos on the people of Gotham, Batman, James Gordon and Harvey Dent must work together to put an end to the madness.",Christopher Nolan,"Christian Bale, Heath Ledger, Aaron Eckhart"
4,The Godfather Part II,1974,9.0,202,1400000,R,"The early life and career of Vito Corleone in 1920s New York City is portrayed, while his son, Michael, expands and tightens his grip on the family crime syndicate.",Francis Ford Coppola,"Al Pacino, Robert De Niro, Robert Duvall"
5,12 Angry Men,1957,9.0,96,906000,Approved,The jury in a New York City murder trial is frustrated by a single member whose skeptical caution forces them to more carefully consider the evidence before jumping to a hasty verdict.,Sidney Lumet,"Henry Fonda, Lee J. Cobb, Martin Balsam"
6,The Lord of the Rings: The Return of the King,2003,9.0,201,2000000,PG-13,Gandalf and Aragorn lead the World of Men against Sauron's army to draw his gaze from Frodo and Sam as they approach Mount Doom with the One Ring.,Peter Jackson,"Elijah Wood, Viggo Mortensen, Ian McKellen"
7,Schindler's List,1993,9.0,195,1500000,R,"In German-occupied Poland during World War II, industrialist Oskar Schindler gradually becomes concerned for his Jewish workforce after witnessing their persecution by the Nazis.",Steven Spielberg,"Liam Neeson, Ralph Fiennes, Ben Kingsley"
8,Pulp Fiction,1994,8.9,154,2300000,R,"The lives of two mob hitmen, a boxer, a gangster and his wife, and a pair of diner bandits intertwine in four tales of violence and redemption.",Quentin Tarantino,"John Travolta, Uma Thurman, Samuel L. Jackson"
9,The Lord of the Rings: The Fellowship of the Ring,2001,8.9,178,2100000,PG-13,A meek Hobbit from the Shire and eight companions set out on a journey to destroy the powerful One Ring and save Middle-earth from the Dark Lord Sauron.,Peter Jackson,"Elijah Wood, Ian McKellen, Orlando Bloom"
10,"The Good, the Bad and the Ugly",1966,8.8,178,840000,R,A bounty-hunting scam joins two men in an uneasy alliance against a third in a race to find a fortune in gold buried in a remote cemetery.,Sergio Leone,"Clint Eastwood, Eli Wallach, Lee Van Cleef"
11,Forrest Gump,1994,8.8,142,2300000,PG-13,"The history of the United States from the 1950s to the '70s unfolds from the perspective of an Alabama man with an IQ of 75, who yearns to be reunited with his childhood sweetheart.",Robert Zemeckis,"Tom Hanks, Robin Wright, Gary Sinise"
12,The Lord of the Rings: The Two Towers,2002,8.8,179,1800000,PG-13,"While Frodo and Sam edge closer to Mordor with the help of the shifty Gollum, the divided fellowship makes a stand against Sauron's new ally, Saruman, and his hordes of Isengard.",Peter Jackson,"Elijah Wood, Ian McKellen, Viggo Mortensen"
13,Fight Club,1999,8.8,139,2400000,R,An insomniac office worker and a devil-may-care soap maker form an underground fight club that evolves into much more.,David Fincher,"Brad Pitt, Edward Norton, Meat Loaf"
14,Inception,2010,8.8,148,2600000,PG-13,"A thief who steals corporate secrets through the use of dream-sharing technology is given the inverse task of planting an idea into the mind of a C.E.O., but his tragic past may doom the project and his team to disaster.",Christopher Nolan,"Leonardo DiCaprio, Joseph Gordon-Levitt, Elliot Page"
15,Star Wars: Episode V - The Empire Strikes Back,1980,8.7,124,1400000,PG,"After the Empire overpowers the Rebel Alliance, Luke Skywalker begins his Jedi training with Yoda. At the same time, Darth Vader and bounty hunter Boba Fett pursue his friends across the galaxy.",Irvin Kershner,"Mark Hamill, Harrison Ford, Carrie Fisher"
16,The Matrix,1999,8.7,136,2100000,R,"When a beautiful stranger leads computer hacker Neo to a forbidding underworld, he discovers the shocking truth--the life he knows is the elaborate deception of an evil cyber-intelligence.","Lana Wachowski, Lilly Wachowski","Keanu Reeves, Laurence Fishburne, Carrie-Anne Moss"
17,Goodfellas,1990,8.7,145,1300000,R,"The story of Henry Hill and his life in the mafia, covering his relationship with his wife Karen and his mob partners Jimmy Conway and Tommy DeVito.",Martin Scorsese,"Robert De Niro, Ray Liotta, Joe Pesci"
18,One Flew Over the Cuckoo's Nest,1975,8.7,133,1100000,R,"In the Fall of 1963, a Korean War veteran and criminal pleads insanity and is admitted to a mental institution, where he rallies up the scared patients against the tyrannical nurse.",Milos Forman,"Jack Nicholson, Louise Fletcher, Michael Berryman"
19,Interstellar,2014,8.7,169,2300000,PG-13,"When Earth becomes uninhabitable in the future, a farmer and ex-NASA pilot, Joseph Cooper, is tasked to pilot a spacecraft, along with a team of researchers, to find a new planet for humans.",Christopher Nolan,"Matthew McConaughey, Anne Hathaway, Jessica Chastain"
20,Se7en,1995,8.6,127,1900000,R,"Two detectives, a rookie and a veteran, hunt a serial killer who uses the seven deadly sins as his motives.",David Fincher,"Morgan Freeman, Brad Pitt, Kevin Spacey"
21,It's a Wonderful Life,1946,8.6,130,522000,PG,An angel is sent from Heaven to help a desperately frustrated businessman by showing him what life would have been like if he had never existed.,Frank Capra,"James Stewart, Donna Reed, Lionel Barrymore"
22,Seven Samurai,1954,8.6,207,379000,Not Rated,"Farmers from a village exploited by bandits hire a veteran samurai for protection, and he gathers six other samurai to join him.",Akira Kurosawa,"Toshirô Mifune, Takashi Shimura, Keiko Tsushima"
23,The Silence of the Lambs,1991,8.6,118,1600000,R,"A young F.B.I. cadet must receive the help of an incarcerated and manipulative cannibal killer to help catch another serial killer, a madman who skins his victims.",Jonathan Demme,"Jodie Foster, Anthony Hopkins, Scott Glenn"
24,Saving Private Ryan,1998,8.6,169,1500000,R,"Following the Normandy Landings, a group of U.S. soldiers go behind enemy lines to retrieve a paratrooper whose brothers have been killed in action.",Steven Spielberg,"Tom Hanks, Matt Damon, Tom Sizemore"
25,City of God,2002,8.6,130,826000,R,"In the slums of Rio, two kids' paths diverge as one struggles to become a photographer and the other a kingpin.","Fernando Meirelles, Kátia Lund","Alexandre Rodrigues, Leandro Firmino, Matheus Nachtergaele"
26,The Green Mile,1999,8.6,189,1500000,R,"Paul Edgecomb, the head death row guard at a prison in 1930s Louisiana, meets an inmate, John Coffey, a black man who is accused of murdering two girls. His life changes drastically when he discovers that John has a special gift.",Frank Darabont,"Tom Hanks, Michael Clarke Duncan, David Morse"
27,Life Is Beautiful,1997,8.6,116,767000,PG-13,"When an open-minded Jewish waiter and his son become victims of the Holocaust, he uses a perfect mixture of will, humor and imagination to protect his son from the dangers around their camp.",Roberto Benigni,"Roberto Benigni, Nicoletta Braschi, Giorgio Cantarini"
28,Terminator 2: Judgment Day,1991,8.6,137,1200000,R,"A cyborg, identical to the one who failed to kill Sarah Connor, must now protect her ten year old son John from an even more advanced and powerful cyborg.",James Cameron,"Arnold Schwarzenegger, Linda Hamilton, Edward Furlong"
29,Star Wars: Episode IV - A New Hope,1977,8.6,121,1500000,PG,"Luke Skywalker joins forces with a Jedi Knight, a cocky pilot, a Wookiee and two droids to save the galaxy from the Empire's world-destroying battle station, while also attempting to rescue Princess Leia from the mysterious Darth Vader.",George Lucas,"Mark Hamill, Harrison Ford, Carrie Fisher"
30,Back to the Future,1985,8.5,116,1400000,PG,"Marty McFly, a 17-year-old high school student, is accidentally sent 30 years into the past in a time-traveling DeLorean invented by his close friend, the maverick scientist Doc Brown.",Robert Zemeckis,"Michael J. Fox, Christopher Lloyd, Lea Thompson"
31,Spirited Away,2001,8.6,124,891000,PG,"During her family's move to the suburbs, a sullen 10-year-old girl wanders into a world ruled by gods, witches and spirits, and where humans are changed into beasts.",Hayao Miyazaki,"Daveigh Chase, Suzanne Pleshette, Miyu Irino"
32,The Pianist,2002,8.5,150,951000,R,"During WWII, acclaimed Polish musician Wladyslaw faces various struggles as he loses contact with his family. As the situation worsens, he hides in the ruins of Warsaw in order to survive.",Roman Polanski,"Adrien Brody, Thomas Kretschmann, Frank Finlay"
33,Gladiator,2000,8.5,155,1700000,R,A former Roman General sets out to exact vengeance against the corrupt emperor who murdered his family and sent him into slavery.,Ridley Scott,"Russell Crowe, Joaquin Phoenix, Connie Nielsen"
34,Parasite,2019,8.5,132,1000000,R,Greed and class discrimination threaten the newly formed symbiotic relationship between the wealthy Park family and the destitute Kim clan.,Bong Joon Ho,"Song Kang-ho, Lee Sun-kyun, Cho Yeo-jeong"
35,Psycho,1960,8.5,109,743000,R,A secretary on the run for embezzlement takes refuge at a secluded California motel owned by a repressed man and his overbearing mother.,Alfred Hitchcock,"Anthony Perkins, Janet Leigh, Vera Miles"
36,The Lion King,1994,8.5,88,1200000,G,"Lion prince Simba and his father are targeted by his bitter uncle, who wants to ascend the throne himself.","Roger Allers, Rob Minkoff","Matthew Broderick, Jeremy Irons, James Earl Jones"
37,The Departed,2006,8.5,151,1500000,R,An undercover cop and a mole in the police attempt to identify each other while infiltrating an Irish gang in South Boston.,Martin Scorsese,"Leonardo DiCaprio, Matt Damon, Jack Nicholson"
38,Grave of the Fireflies,1988,8.5,88,337000,Not Rated,A young boy and his little sister struggle to survive in Japan during World War II.,Isao Takahata,"Tsutomu Tatsumi, Ayano Shiraishi, Akemi Yamaguchi"
39,Whiplash,2014,8.5,106,1000000,R,A promising young drummer enrolls at a cut-throat music conservatory where his dreams of greatness are mentored by an instructor who will stop at nothing to realize a student's potential.,Damien Chazelle,"Miles Teller, J.K. Simmons, Melissa Benoist"
40,American History X,1998,8.5,119,1200000,R,"Living a life marked by violence, neo-Nazi Derek finally goes to prison after killing two black youths. Upon his release, Derek vows to change; he hopes to prevent his brother, Danny, who idolizes Derek, from following in his footsteps.",Tony Kaye,"Edward Norton, Edward Furlong, Beverly D'Angelo"
41,Harakiri,1962,8.6,133,77000,Not Rated,"When a ronin requesting seppuku at a feudal lord's palace is told of the brutal suicide of another ronin who previously visited, he reveals how their pasts are intertwined - and in doing so challenges the clan's integrity.",Masaki Kobayashi,"Tatsuya Nakadai, Akira Ishihama, Shima Iwashita"
42,The Prestige,2006,8.5,130,1500000,PG-13,Rival 19th-century magicians engage in a bitter battle for trade secrets.,Christopher Nolan,"Christian Bale, Hugh Jackman, Scarlett Johansson"
43,Spider-Man: Across the Spider-Verse,2023,8.5,140,432000,PG,"Miles Morales catapults across the multiverse, where he encounters a team of Spider-People charged with protecting its very existence. When the heroes clash on how to handle a new threat, Miles must redefine what it means to be a hero.","Joaquim Dos Santos, Kemp Powers, Justin K. Thompson","Shameik Moore, Hailee Steinfeld, Brian Tyree Henry"
44,Léon: The Professional,1994,8.5,110,1300000,R,"12-year-old Mathilda is reluctantly taken in by Léon, a professional assassin, after her family is murdered. An unusual relationship forms as she becomes his protégée and learns the assassin's trade.",Luc Besson,"Jean Reno, Gary Oldman, Natalie Portman"
45,Casablanca,1942,8.5,102,624000,PG,A cynical expatriate American cafe owner struggles to decide whether or not to help his former lover and her fugitive husband escape the Nazis in French Morocco.,Michael Curtiz,"Humphrey Bogart, Ingrid Bergman, Paul Henreid"
46,The Usual Suspects,1995,8.5,106,1200000,R,The sole survivor of a pier shoot-out tells the story of how a notorious criminal influenced the events that began with five criminals meeting in a seemingly random police lineup.,Bryan Singer,"Kevin Spacey, Gabriel Byrne, Chazz Palminteri"
47,The Intouchables,2011,8.5,112,963000,R,"After he becomes a quadriplegic from a paragliding accident, an aristocrat hires a young man from the projects to be his caregiver.","Olivier Nakache, Éric Toledano","François Cluzet, Omar Sy, Anne Le Ny"
48,Cinema Paradiso,1988,8.5,174,296000,PG,"Salvatore, a famous film director, returns to his hometown for the funeral of the local theater's film projectionist, Alfredo. He reminisces about his life as a young boy falling in love with cinema.",Giuseppe Tornatore,"Philippe Noiret, Enzo Cannavale, Antonella Attili"
49,Modern Times,1936,8.5,87,269000,G,The Tramp struggles to live in modern industrial society with the help of a young homeless woman.,Charles Chaplin,"Charles Chaplin, Paulette Goddard, Henry Bergman"
50,Alien,1979,8.5,117,1000000,R,"After investigating a mysterious transmission of unknown origin, the crew of a commercial spacecraft encounters a deadly lifeform.",Ridley Scott,"Sigourney Weaver, Tom Skerritt, John Hurt"
51,Rear Window,1954,8.5,112,540000,PG,A bored photographer recovering from a broken leg passes the time by watching his neighbors and begins to suspect one of them of murder.,Alfred Hitchcock,"James Stewart, Grace Kelly, Wendell Corey"
52,Once Upon a Time in the West,1968,8.5,166,363000,PG-13,A mysterious stranger with a harmonica joins forces with a notorious desperado to protect a beautiful widow from a ruthless assassin working for the railroad.,Sergio Leone,"Henry Fonda, Charles Bronson, Claudia Cardinale"
53,Dune: Part Two,2024,8.5,166,584000,PG-13,"Paul Atreides unites with the Fremen while on a warpath of revenge against the conspirators who destroyed his family. Facing a choice between the love of his life and the fate of the universe, he endeavors to prevent a terrible future.",Denis Villeneuve,"Timothée Chalamet, Zendaya, Rebecca Ferguson"
54,Django Unchained,2012,8.5,165,1800000,R,"With the help of a German bounty-hunter, a freed slave sets out to rescue his wife from a brutal plantation owner in Mississippi.",Quentin Tarantino,"Jamie Foxx, Christoph Waltz, Leonardo DiCaprio"
55,City Lights,1931,8.5,87,204000,G,"With the aid of a wealthy erratic tippler, a dewy-eyed tramp who has fallen in love with a sightless flower girl accumulates money to be able to help her medically.",Charles Chaplin,"Charles Chaplin, Virginia Cherrill, Florence Lee"
56,Apocalypse Now,1979,8.4,147,733000,R,A U.S. Army officer serving in Vietnam is tasked with assassinating a renegade Special Forces Colonel who sees himself as a god.,Francis Ford Coppola,"Martin Sheen, Marlon Brando, Robert Duvall"
57,Memento,2000,8.4,113,1400000,R,"Leonard Shelby, an insurance investigator, suffers from anterograde amnesia and uses notes and tattoos to hunt for the man he thinks killed his wife, which is the last thing he remembers.",Christopher Nolan,"Guy Pearce, Carrie-Anne Moss, Joe Pantoliano"
58,WALL·E,2008,8.4,98,1200000,G,"A robot who is responsible for cleaning a waste-covered Earth meets another robot and falls in love with her. Together, they set out on a journey that will alter the fate of mankind.",Andrew Stanton,"Ben Burtt, Elissa Knight, Jeff Garlin"
59,Raiders of the Lost Ark,1981,8.4,115,1100000,PG,"In 1936, archaeologists and adventurers of the U.S. government hired Indiana Jones to find the Ark of the Covenant before the Nazis could obtain its extraordinary powers.",Steven Spielberg,"Harrison Ford, Karen Allen, Paul Freeman"
60,The Lives of Others,2006,8.4,137,423000,R,"In 1984 East Berlin, an agent of the secret police conducting surveillance on a writer and his lover finds himself becoming increasingly absorbed by their lives.",Florian Henckel von Donnersmarck,"Ulrich Mühe, Martina Gedeck, Sebastian Koch"
61,Avengers: Infinity War,2018,8.4,149,1300000,PG-13,The Avengers and their allies must be willing to sacrifice all in an attempt to defeat the powerful Thanos before his blitz of devastation and ruin puts an end to the universe.,"Anthony Russo, Joe Russo","Robert Downey Jr., Chris Hemsworth, Mark Ruffalo"
62,Sunset Boulevard,1950,8.4,110,246000,Approved,A screenwriter develops a dangerous relationship with a faded film star determined to make a triumphant return.,Billy Wilder,"William Holden, Gloria Swanson, Erich von Stroheim"
63,Spider-Man: Into the Spider-Verse,2018,8.4,117,713000,PG,Teen Miles Morales becomes the Spider-Man of his universe and must join with five spider-powered individuals from other dimensions to stop a threat for all realities.,"Bob Persichetti, Peter Ramsey, Rodney Rothman","Shameik Moore, Jake Johnson, Hailee Steinfeld"
64,12th Fail,2023,8.8,147,140000,Approved,The real-life story of IPS Officer Manoj Kumar Sharma and IRS Officer Shraddha Joshi.,Vidhu Vinod Chopra,"Vikrant Massey, Medha Shankr, Anant Joshi"
65,Paths of Glory,1957,8.4,88,223000,Approved,A colonel defends three of his soldiers in a court-martial after they abandon a suicidal attack.,Stanley Kubrick,"Kirk Douglas, Ralph Meeker, Adolphe Menjou"
66,Witness for the Prosecution,1957,8.4,116,146000,R,A veteran British barrister must defend his client in a murder trial that has surprise after surprise.,Billy Wilder,"Tyrone Power, Marlene Dietrich, Charles Laughton"
67,The Shining,1980,8.4,146,1200000,G,"A family heads to an isolated hotel for the winter, where a sinister presence influences the father into violence. At the same time, his psychic son sees horrifying forebodings from both the past and the future.",Stanley Kubrick,"Jack Nicholson, Shelley Duvall, Danny Lloyd"
68,The Great Dictator,1940,8.4,125,246000,R,Dictator Adenoid Hynkel tries to expand his empire while a poor Jewish barber tries to avoid persecution from Hynkel's regime.,Charles Chaplin,"Charles Chaplin, Paulette Goddard, Jack Oakie"
69,Aliens,1986,8.4,137,800000,R,"Decades after surviving the Nostromo incident, Ellen Ripley is sent out to re-establish contact with a terraforming colony but finds herself battling the Alien Queen and her offspring.",James Cameron,"Sigourney Weaver, Michael Biehn, Carrie Henn"
70,Inglourious Basterds,2009,8.4,153,1600000,PG-13,"In Nazi-occupied France during World War II, a plan to assassinate Nazi leaders by a group of Jewish U.S. soldiers coincides with a theatre owner's vengeful plans for the same.",Quentin Tarantino,"Brad Pitt, Diane Kruger, Eli Roth"
71,The Dark Knight Rises,2012,8.4,164,1900000,PG,"Bane, an imposing terrorist, attacks Gotham City and disrupts its eight-year-long period of peace. This forces Bruce Wayne to come out of hiding and don the cape and cowl of Batman again.",Christopher Nolan,"Christian Bale, Tom Hardy, Anne Hathaway"
72,Coco,2017,8.4,105,633000,PG,"Aspiring musician Miguel, confronted with his family's ancestral ban on music, enters the Land of the Dead to find his great-great-grandfather, a legendary singer.","Lee Unkrich, Adrian Molina","Anthony Gonzalez, Gael García Bernal, Benjamin Bratt"
73,Amadeus,1984,8.4,160,443000,G,"The life, success and troubles of Wolfgang Amadeus Mozart, as told by Antonio Salieri, the contemporaneous composer who was deeply jealous of Mozart's talent and claimed to have murdered him.",Milos Forman,"F. Murray Abraham, Tom Hulce, Elizabeth Berridge"
74,Toy Story,1995,8.3,81,1100000,R,A cowboy doll is profoundly threatened and jealous when a new spaceman action figure supplants him as top toy in a boy's bedroom.,John Lasseter,"Tom Hanks, Tim Allen, Don Rickles"
75,Oldboy,2003,8.3,120,665000,PG-13,"After being kidnapped and imprisoned for fifteen years, Oh Dae-Su is released, only to find that he must track down his captor in five days.",Park Chan-wook,"Choi Min-sik, Yoo Ji-tae, Kang Hye-jeong"
76,Avengers: Endgame,2019,8.4,181,1300000,PG,"After the devastating events of Avengers: Infinity War (2018), the universe is in ruins. With the help of remaining allies, the Avengers assemble once more in order to reverse Thanos' actions and restore balance to the universe.","Anthony Russo, Joe Russo","Robert Downey Jr., Chris Evans, Mark Ruffalo"
77,Dr. Strangelove or: How I Learned to Stop Worrying and Love the Bomb,1964,8.3,95,533000,R,"An unhinged American general orders a bombing attack on the Soviet Union, triggering a path to nuclear holocaust that a war room full of politicians and generals frantically tries to stop.",Stanley Kubrick,"Peter Sellers, George C. Scott, Sterling Hayden"
78,American Beauty,1999,8.3,122,1200000,R,A sexually frustrated suburban father has a mid-life crisis after becoming infatuated with his daughter's best friend.,Sam Mendes,"Kevin Spacey, Annette Bening, Thora Birch"
79,Good Will Hunting,1997,8.3,126,1100000,R,"Will Hunting, a janitor at MIT, has a gift for mathematics, but needs help from a psychologist to find direction in his life.",Gus Van Sant,"Robin Williams, Matt Damon, Ben Affleck"
80,Braveheart,1995,8.3,178,1100000,PG-13,Scottish warrior William Wallace leads his countrymen in a rebellion to free his homeland from the tyranny of King Edward I of England.,Mel Gibson,"Mel Gibson, Sophie Marceau, Patrick McGoohan"
81,Das Boot,1981,8.4,149,275000,Not Rated,A German U-boat stalks the frigid waters of the North Atlantic as its young crew experience the sheer terror and claustrophobic life of a submariner in World War II.,Wolfgang Petersen,"Jürgen Prochnow, Herbert Grönemeyer, Klaus Wennemann"
82,Princess Mononoke,1997,8.3,133,452000,PG-13,"On a journey to find the cure for a Tatarigami's curse, Ashitaka finds himself in the middle of a war between the forest gods and Tatara, a mining colony. In this quest he also meets San, the Mononoke Hime.",Hayao Miyazaki,"Yôji Matsuda, Yuriko Ishida, Yûko Tanaka"
83,Your Name.,2016,8.4,106,345000,R,"Two teenagers share a profound, magical connection upon discovering they are swapping bodies. Things manage to become even more complicated when the boy and girl decide to meet in person.",Makoto Shinkai,"Ryunosuke Kamiki, Mone Kamishiraishi, Ryo Narita"
84,High and Low,1963,8.4,143,58000,R,An executive of a Yokohama shoe company becomes a victim of extortion when his chauffeur's son is kidnapped by mistake and held for ransom.,Akira Kurosawa,"Toshirô Mifune, Yutaka Sada, Tatsuya Nakadai"
85,3 Idiots,2009,8.4,170,451000,G,"Two friends are searching for their long lost companion. They revisit their college days and recall the memories of their friend who inspired them to think differently, even as the rest of the world called them ""idiots"".",Rajkumar Hirani,"Aamir Khan, Madhavan, Mona Singh"
86,Joker,2019,8.3,122,1600000,R,"Arthur Fleck, a party clown and a failed stand-up comedian, leads an impoverished life with his ailing mother. However, when society shuns him and brands him as a freak, he decides to embrace the life of chaos in Gotham City.",Todd Phillips,"Joaquin Phoenix, Robert De Niro, Zazie Beetz"
87,Once Upon a Time in America,1984,8.3,229,390000,Not Rated,"A former Prohibition-era Jewish gangster returns to the Lower East Side of Manhattan 35 years later, where he must once again confront the ghosts and regrets of his old life.",Sergio Leone,"Robert De Niro, James Woods, Elizabeth McGovern"
88,Singin' in the Rain,1952,8.3,103,269000,NC-17,A silent film star falls for a chorus girl just as he and his delusionally jealous screen partner are trying to make the difficult transition to talking pictures in 1920s Hollywood.,"Stanley Donen, Gene Kelly","Gene Kelly, Donald O'Connor, Debbie Reynolds"
89,Capernaum,2018,8.4,126,113000,G,"While serving a five-year sentence for a violent crime, a 12-year-old boy sues his parents for neglect.",Nadine Labaki,"Zain Al Rafeea, Yordanos Shiferaw, Boluwatife Treasure Bankole"
90,Come and See,1985,8.3,142,108000,PG,"After finding an old rifle, a young boy joins the Soviet resistance movement against ruthless German forces and experiences the horrors of World War II.",Elem Klimov,"Aleksey Kravchenko, Olga Mironova, Liubomiras Laucevicius"
91,Requiem for a Dream,2000,8.3,102,927000,R,The drug-induced utopias of four Coney Island people are shattered when their addictions run deep.,Darren Aronofsky,"Ellen Burstyn, Jared Leto, Jennifer Connelly"
92,Toy Story 3,2010,8.3,103,920000,R,"The toys are mistakenly delivered to a day-care center instead of the attic right before Andy leaves for college, and it's up to Woody to convince the other toys that they weren't abandoned and to return home.",Lee Unkrich,"Tom Hanks, Tim Allen, Joan Cusack"
93,Star Wars: Episode VI - Return of the Jedi,1983,8.3,131,1200000,Not Rated,"After rescuing Han Solo from Jabba the Hutt, the Rebel Alliance attempts to destroy the second Death Star while Luke struggles to help Darth Vader back from the dark side.",Richard Marquand,"Mark Hamill, Harrison Ford, Carrie Fisher"
94,The Hunt,2012,8.3,115,381000,G,"A teacher lives a lonely life, all the while struggling over his son's custody. His life slowly gets better as he finds love and receives good news from his son, but his new luck is about to be brutally shattered by an innocent little lie.",Thomas Vinterberg,"Mads Mikkelsen, Thomas Bo Larsen, Annika Wedderkopp"
95,Eternal Sunshine of the Spotless Mind,2004,8.3,108,1100000,R,"When their relationship turns sour, a couple undergoes a medical procedure to have each other erased from their memories forever.",Michel Gondry,"Jim Carrey, Kate Winslet, Tom Wilkinson"
96,Ikiru,1952,8.3,143,94000,Approved,A bureaucrat tries to find meaning in his life after he discovers he has terminal cancer.,Akira Kurosawa,"Takashi Shimura, Nobuo Kaneko, Shin'ichi Himori"
97,2001: A Space Odyssey,1968,8.3,149,744000,PG,"When a mysterious artifact is uncovered on the Moon, a spacecraft manned by two humans and one supercomputer is sent to Jupiter to find its origins.",Stanley Kubrick,"Keir Dullea, Gary Lockwood, William Sylvester"
98,Reservoir Dogs,1992,8.3,99,1100000,R,"When a simple jewelry heist goes horribly wrong, the surviving criminals begin to suspect that one of them is a police informant.",Quentin Tarantino,"Harvey Keitel, Tim Roth, Michael Madsen"
99,The Apartment,1960,8.3,125,205000,R,"A Manhattan insurance clerk tries to rise in his company by letting its executives use his apartment for trysts, but office politics and his own romantic hopes complicate matters.",Billy Wilder,"Jack Lemmon, Shirley MacLaine, Fred MacMurray"
100,Lawrence of Arabia,1962,8.3,227,325000,Approved,"The story of T.E. Lawrence, the English officer who successfully united and led the diverse, often warring, Arab tribes during World War I in order to fight the Turks.",David Lean,"Peter O'Toole, Alec Guinness, Anthony Quinn"
101,Incendies,2010,8.3,131,220000,Approved,Twins journey to the Middle East to discover their family history and fulfill their mother's last wishes.,Denis Villeneuve,"Lubna Azabal, Mélissa Désormeaux-Poulin, Maxim Gaudette"
102,Scarface,1983,8.3,170,949000,PG,"In the 1980s, a determined criminal-minded Cuban immigrant becomes the biggest drug smuggler in Miami, and is eventually undone by his own drug addiction.",Brian De Palma,"Al Pacino, Michelle Pfeiffer, Steven Bauer"
103,Double Indemnity,1944,8.3,107,173000,R,"An insurance representative is seduced by a dissatisfied housewife into a scheme of insurance fraud and murder that arouses the suspicion of his colleague, a claims investigator.",Billy Wilder,"Fred MacMurray, Barbara Stanwyck, Edward G. Robinson"
104,North by Northwest,1959,8.3,136,357000,Passed,"A New York City advertising executive goes on the run after being mistaken for a government agent by a group of foreign spies, and falls for a woman whose loyalties he begins to doubt.",Alfred Hitchcock,"Cary Grant, Eva Marie Saint, James Mason"
105,Citizen Kane,1941,8.3,119,477000,R,"Following the death of publishing tycoon Charles Foster Kane, reporters scramble to uncover the meaning of his final utterance: 'Rosebud.'",Orson Welles,"Orson Welles, Joseph Cotten, Dorothy Comingore"
106,Heat,1995,8.3,170,744000,PG,A group of high-end professional thieves start to feel the heat from the LAPD when they unknowingly leave a verbal clue at their latest heist.,Michael Mann,"Al Pacino, Robert De Niro, Val Kilmer"
107,M,1931,8.3,99,175000,PG,"When the police in a German city are unable to catch a child-murderer, other criminals join in the manhunt.",Fritz Lang,"Peter Lorre, Ellen Widmann, Inge Landgut"
108,Full Metal Jacket,1987,8.2,116,812000,R,A pragmatic U.S. Marine observes the dehumanizing effects the Vietnam War has on his fellow recruits from their brutal boot camp training to the bloody street fighting in Hue.,Stanley Kubrick,"Matthew Modine, R. Lee Ermey, Vincent D'Onofrio"
109,Up,2009,8.3,96,1200000,R,"78-year-old Carl Fredricksen travels to South America in his house equipped with balloons, inadvertently taking a young stowaway.","Pete Docter, Bob Peterson","Edward Asner, Jordan Nagai, John Ratzenberger"
110,Vertigo,1958,8.3,128,440000,R,"A former San Francisco police detective juggles wrestling with his personal demons and becoming obsessed with the hauntingly beautiful woman he has been hired to trail, who may be deeply disturbed.",Alfred Hitchcock,"James Stewart, Kim Novak, Barbara Bel Geddes"
111,Amélie,2001,8.3,122,811000,Approved,"Despite being caught in her imaginative world, young waitress Amelie decides to help people find happiness. Her quest to spread joy leads her on a journey during which she finds true love.",Jean-Pierre Jeunet,"Audrey Tautou, Mathieu Kassovitz, Rufus"
112,Oppenheimer,2023,8.3,180,843000,PG-13,"A dramatization of the life story of J. Robert Oppenheimer, the physicist who had a large hand in the development of the atomic bombs that brought an end to World War II.",Christopher Nolan,"Cillian Murphy, Emily Blunt, Matt Damon"
113,A Clockwork Orange,1971,8.2,136,902000,R,Alex DeLarge and his droogs barbarize a decaying near-future.,Stanley Kubrick,"Malcolm McDowell, Patrick Magee, Michael Bates"
114,To Kill a Mockingbird,1962,8.3,129,340000,PG,A widowed lawyer in Depression-era Alabama defends a black man against a false rape charge while teaching his young children about the sad reality of prejudice.,Robert Mulligan,"Gregory Peck, John Megna, Frank Overton"
115,A Separation,2011,8.3,118,266000,PG,A married couple are faced with a difficult decision - to improve the life of their child by moving to another country or to stay in Iran and look after a deteriorating parent who has Alzheimer's disease.,Asghar Farhadi,"Payman Maadi, Leila Hatami, Sareh Bayat"
116,Die Hard,1988,8.2,132,980000,PG-13,A New York City police officer tries to save his estranged wife and several others taken hostage by terrorists during a Christmas party at the Nakatomi Plaza in Los Angeles.,John McTiernan,"Bruce Willis, Alan Rickman, Bonnie Bedelia"
117,The Sting,1973,8.3,129,287000,Not Rated,Two grifters team up to pull off the ultimate con.,George Roy Hill,"Paul Newman, Robert Redford, Robert Shaw"
118,Like Stars on Earth,2007,8.3,162,214000,R,A young boy is thought to be nothing but a lazy troublemaker until the new art teacher has the patience and compassion to discover the real problem behind his struggles in school.,"Aamir Khan, Amole Gupte","Darsheel Safary, Aamir Khan, Tisca Chopra"
119,Indiana Jones and the Last Crusade,1989,8.2,127,830000,R,"In 1938, after his father goes missing while pursuing the Holy Grail, Indiana Jones finds himself up against the Nazis again to stop them from obtaining its powers.",Steven Spielberg,"Harrison Ford, Sean Connery, Alison Doody"
120,Metropolis,1927,8.3,153,192000,R,"In a futuristic city sharply divided between the working class and the city planners, the son of the city's mastermind falls in love with a working-class prophet who predicts the coming of a savior to mediate their differences.",Fritz Lang,"Brigitte Helm, Alfred Abel, Gustav Fröhlich"
121,Snatch,2000,8.2,102,935000,Not Rated,"Unscrupulous boxing promoters, violent bookmakers, a Russian gangster, incompetent amateur robbers and supposedly Jewish jewelers fight to track down a priceless stolen diamond.",Guy Ritchie,"Jason Statham, Brad Pitt, Stephen Graham"
122,1917,2019,8.2,119,713000,R,"April 6th, 1917. As an infantry battalion assembles to wage war deep in enemy territory, two soldiers are assigned to race against time and deliver a message that will stop 1,600 men from walking straight into a deadly trap.",Sam Mendes,"Dean-Charles Chapman, George MacKay, Daniel Mays"
123,L.A. Confidential,1997,8.2,138,635000,Not Rated,"As corruption grows in 1950s Los Angeles, three policemen - one strait-laced, one brutal, and one sleazy - investigate a series of murders with their own brand of justice.",Curtis Hanson,"Kevin Spacey, Russell Crowe, Guy Pearce"
124,Bicycle Thieves,1948,8.3,89,182000,R,"In post-war Italy, a working-class man's bicycle is stolen, endangering his efforts to find work. He and his son set out to find it.",Vittorio De Sica,"Lamberto Maggiorani, Enzo Staiola, Lianella Carell"
125,Downfall,2004,8.2,156,384000,PG-13,"Traudl Junge, the final secretary for Adolf Hitler, tells of the Nazi dictator's final days in his Berlin bunker at the end of WWII.",Oliver Hirschbiegel,"Bruno Ganz, Alexandra Maria Lara, Ulrich Matthes"
126,Dangal,2016,8.3,161,221000,R,"Mahavir Singh Phogat, a former wrestler, decides to fulfill his dream of winning a gold medal for his country by training his daughters for the Commonwealth Games despite the existing social stigmas.",Nitesh Tiwari,"Aamir Khan, Sakshi Tanwar, Fatima Sana Shaikh"
127,Taxi Driver,1976,8.2,114,961000,PG-13,"A mentally unstable veteran works as a nighttime taxi driver in New York City, where the perceived decadence and sleaze fuels his urge for violent action.",Martin Scorsese,"Robert De Niro, Jodie Foster, Cybill Shepherd"
128,Hamilton,2020,8.3,160,124000,R,"The real life of one of America's foremost founding fathers and first Secretary of the Treasury, Alexander Hamilton. Captured live on Broadway from the Richard Rodgers Theater with the original Broadway cast.",Thomas Kail,"Lin-Manuel Miranda, Phillipa Soo, Leslie Odom Jr."
129,The Wolf of Wall Street,2013,8.2,180,1700000,PG-13,"Based on the true story of Jordan Belfort, from his rise to a wealthy stock-broker living the high life to his fall involving crime, corruption and the federal government.",Martin Scorsese,"Leonardo DiCaprio, Jonah Hill, Margot Robbie"
130,Batman Begins,2005,8.2,140,1600000,Approved,"After witnessing his parents' death, Bruce learns the art of fighting to confront injustice. When he returns to Gotham as Batman, he must stop a secret society that intends to destroy the city.",Christopher Nolan,"Christian Bale, Michael Caine, Ken Watanabe"
131,For a Few Dollars More,1965,8.2,132,284000,PG,Two bounty killers with similar intentions but different motivations team up to track down a psychotic Mexican outlaw before he and his gang can carry out an audacious bank robbery.,Sergio Leone,"Clint Eastwood, Lee Van Cleef, Gian Maria Volontè"
132,Green Book,2018,8.2,130,617000,Approved,A working-class Italian-American bouncer becomes the driver for an African-American classical pianist on a tour of venues through the 1960s American South.,Peter Farrelly,"Viggo Mortensen, Mahershala Ali, Linda Cardellini"
133,Some Like It Hot,1959,8.2,121,291000,Passed,"After two male musicians witness a mob hit, they flee the state in an all-female band disguised as women, but further complications set in.",Billy Wilder,"Marilyn Monroe, Tony Curtis, Jack Lemmon"
134,The Truman Show,1998,8.2,103,1300000,PG-13,An insurance salesman begins to suspect that his whole life is actually some sort of reality TV show.,Peter Weir,"Jim Carrey, Ed Harris, Laura Linney"
135,Judgment at Nuremberg,1961,8.3,179,89000,R,"Fictionalized depiction of the 1947 Judges' Trial, the third of twelve trials of Nazi war criminals conducted by the American occupying forces in Nuremberg, Germany, in which former judges of Nazi Germany were tried for their actions.",Stanley Kramer,"Spencer Tracy, Burt Lancaster, Richard Widmark"
136,The Kid,1921,8.2,68,139000,Approved,"The Tramp cares for an abandoned child, but events put their relationship in jeopardy.",Charles Chaplin,"Charles Chaplin, Edna Purviance, Jackie Coogan"
137,The Father,2020,8.2,97,207000,R,"A man refuses all assistance from his daughter as he ages. As he tries to make sense of his changing circumstances, he begins to doubt his loved ones, his own mind and even the fabric of his reality.",Florian Zeller,"Anthony Hopkins, Olivia Colman, Mark Gatiss"
138,Shutter Island,2010,8.2,138,1500000,PG-13,Two US marshals are sent to a mental institution on an inhospitable island in order to investigate the disappearance of a patient.,Martin Scorsese,"Leonardo DiCaprio, Emily Mortimer, Mark Ruffalo"
139,All About Eve,1950,8.2,138,143000,R,A seemingly timid but secretly ruthless ingénue insinuates herself into the lives of an aging Broadway star and her circle of theater friends.,Joseph L. Mankiewicz,"Bette Davis, Anne Baxter, George Sanders"
140,There Will Be Blood,2007,8.2,158,661000,PG-13,"A story of family, religion, hatred, oil and madness, focusing on a turn-of-the-century prospector in the early days of the business.",Paul Thomas Anderson,"Daniel Day-Lewis, Paul Dano, Ciarán Hinds"
141,Jurassic Park,1993,8.2,127,1100000,R,"An industrialist invites some experts to visit his theme park of cloned dinosaurs. After a power failure, the creatures run loose, putting everyone's lives, including his grandchildren's, in danger.",Steven Spielberg,"Sam Neill, Laura Dern, Jeff Goldblum"
142,Casino,1995,8.2,178,583000,PG-13,"In Las Vegas, two best friends--a casino executive and a Mafia enforcer--compete for a gambling empire and a fast-living, fast-loving socialite.",Martin Scorsese,"Robert De Niro, Sharon Stone, Joe Pesci"
143,The Sixth Sense,1999,8.2,107,1100000,R,"After being shot by a resentful former patient whom he failed to help, a Philadelphia child psychologist seeks redemption by treating a young boy with a disturbing secret.",M. Night Shyamalan,"Bruce Willis, Haley Joel Osment, Toni Collette"
144,Ran,1985,8.2,160,141000,R,"In Medieval Japan, an elderly warlord retires, handing over his empire to his three sons. However, he vastly underestimates how the new-found power will corrupt them and cause them to turn on each other...and him.",Akira Kurosawa,"Tatsuya Nakadai, Akira Terao, Jinpachi Nezu"
145,Top Gun: Maverick,2022,8.2,130,753000,R,"The story involves Maverick confronting his past while training a group of younger Top Gun graduates, including the son of his deceased best friend, for a dangerous mission.",Joseph Kosinski,"Tom Cruise, Jennifer Connelly, Miles Teller"
146,No Country for Old Men,2007,8.2,122,1100000,R,Violence and mayhem ensue after a hunter stumbles upon the aftermath of a drug deal gone wrong and over two million dollars in cash near the Rio Grande.,"Ethan Coen, Joel Coen","Tommy Lee Jones, Javier Bardem, Josh Brolin"
147,Pan's Labyrinth,2006,8.2,118,718000,PG-13,"In 1944 Spain, a girl is sent to live with her ruthless stepfather. During the night, she meets a fairy who takes her to an old faun. He tells her she's a princess, but must prove her royalty by surviving three gruesome tasks.",Guillermo del Toro,"Ivana Baquero, Ariadna Gil, Sergi López"
148,The Thing,1982,8.2,109,489000,R,A research team in Antarctica is hunted by a shape-shifting alien that assumes the appearance of its victims.,John Carpenter,"Kurt Russell, Wilford Brimley, Keith David"
149,Unforgiven,1992,8.2,130,448000,Approved,Retired Old West gunslinger Will Munny reluctantly takes on one last job to avenge an injustice with the help of his old partner and a newer outlaw known simply as The Schofield Kid.,Clint Eastwood,"Clint Eastwood, Gene Hackman, Morgan Freeman"
150,A Beautiful Mind,2001,8.2,135,1000000,Not Rated,"A mathematical genius, John Nash made an astonishing discovery early in his career and stood on the brink of international acclaim. But the handsome and arrogant Nash soon found himself on a harrowing journey of self-discovery.",Ron Howard,"Russell Crowe, Ed Harris, Jennifer Connelly"
151,Kill Bill: Vol. 1,2003,8.2,111,1200000,R,"After waking from a four-year coma, a former assassin wreaks vengeance on the team of assassins who betrayed her.",Quentin Tarantino,"Uma Thurman, David Carradine, Daryl Hannah"
152,The Treasure of the Sierra Madre,1948,8.2,126,136000,G,Two down-on-their-luck Americans searching for work in 1920s Mexico convince an old prospector to help them mine for gold in the Sierra Madre Mountains.,John Huston,"Humphrey Bogart, Walter Huston, Tim Holt"
153,Yojimbo,1961,8.2,110,136000,Approved,A crafty ronin comes to a town divided by two criminal gangs and decides to play them against each other to free the town.,Akira Kurosawa,"Toshirô Mifune, Eijirô Tôno, Tatsuya Nakadai"
154,Prisoners,2013,8.2,153,852000,PG,"Keller Dover is facing every parent's worst nightmare. His six-year-old daughter, Anna, is missing, together with her friend, Joy, and as minutes turn to hours, panic sets in. The only lead is an RV that had been parked on their street.",Denis Villeneuve,"Hugh Jackman, Jake Gyllenhaal, Viola Davis"
155,Finding Nemo,2003,8.2,100,1100000,PG,"After his son is captured in the Great Barrier Reef and taken to Sydney, a timid clownfish sets out on a journey to bring him home.","Andrew Stanton, Lee Unkrich","Albert Brooks, Ellen DeGeneres, Alexander Gould"
156,The Great Escape,1963,8.2,172,265000,PG,"Allied officers in a German prisoner of war camp during World War II making a daring plan for a mass escape by hundreds of their men, hoping to draw German personnel and resources away from combat operations.",John Sturges,"Steve McQueen, James Garner, Richard Attenborough"
157,Monty Python and the Holy Grail,1975,8.2,91,582000,PG,"King Arthur and his Knights of the Round Table embark on a surreal, low-budget search for the Holy Grail, encountering many, very silly obstacles.","Terry Gilliam, Terry Jones","Graham Chapman, John Cleese, Eric Idle"
158,Howl's Moving Castle,2004,8.2,119,473000,PG,"When an unconfident young woman is cursed with an old body by a spiteful witch, her only chance of breaking the spell lies with a self-indulgent yet insecure young wizard and his companions in his legged, walking castle.",Hayao Miyazaki,"Chieko Baishô, Takuya Kimura, Tatsuya Gashûin"
159,The Wild Robot,2024,8.2,102,118000,Not Rated,"After a shipwreck, an intelligent robot called Roz is stranded on an uninhabited island. To survive the harsh environment, Roz bonds with the island's animals and cares for an orphaned baby goose.",Chris Sanders,"Lupita Nyong'o, Pedro Pascal, Kit Connor"
160,The Elephant Man,1980,8.2,124,268000,G,"A Victorian surgeon rescues a heavily disfigured man who is mistreated while scraping a living as a side-show freak. Behind his monstrous façade, there is revealed a person of kindness, intelligence and sophistication.",David Lynch,"Anthony Hopkins, John Hurt, Anne Bancroft"
161,Dial M for Murder,1954,8.2,105,195000,R,A former tennis star arranges the murder of his adulterous wife.,Alfred Hitchcock,"Ray Milland, Grace Kelly, Robert Cummings"
162,Rashomon,1950,8.2,88,187000,R,"The rape of a bride and the murder of her samurai husband are recalled from the perspectives of a bandit, the bride, the samurai's ghost and a woodcutter.",Akira Kurosawa,"Toshirô Mifune, Machiko Kyô, Masayuki Mori"
163,Gone with the Wind,1939,8.2,238,343000,R,A sheltered and manipulative Southern belle and a roguish profiteer face off in a turbulent romance as the society around them crumbles with the end of slavery and is rebuilt during the Civil War and Reconstruction periods.,Victor Fleming,"Clark Gable, Vivien Leigh, Thomas Mitchell"
164,Chinatown,1974,8.1,130,361000,PG,"A private detective hired to expose an adulterer in 1930s Los Angeles finds himself caught up in a web of deceit, corruption, and murder.",Roman Polanski,"Jack Nicholson, Faye Dunaway, John Huston"
165,The Secret in Their Eyes,2009,8.2,129,230000,PG,A retired legal counselor writes a novel hoping to find closure for one of his past unresolved homicide cases and for his unreciprocated love with his superior - both of which still haunt him decades later.,Juan José Campanella,"Ricardo Darín, Soledad Villamil, Pablo Rago"
166,"Lock, Stock and Two Smoking Barrels",1998,8.1,107,630000,R,"When four small-time criminals lose a rigged poker game against a London kingpin, he gives them one week to settle their enormous debt.",Guy Ritchie,"Jason Flemyng, Dexter Fletcher, Nick Moran"
167,Klaus,2019,8.2,96,209000,R,"A simple act of kindness always sparks another, even in a frozen, faraway place. When Smeerensburg's new postman, Jesper, befriends toymaker Klaus, their gifts melt an age-old feud and deliver a sleigh full of holiday traditions.","Sergio Pablos, Carlos Martínez López","Jason Schwartzman, J.K. Simmons, Rashida Jones"
168,Inside Out,2015,8.1,95,851000,R,"After young Riley is uprooted from her Midwest life and moved to San Francisco, her emotions - Joy, Fear, Anger, Disgust and Sadness - conflict on how best to navigate a new city, house, and school.","Pete Docter, Ronnie Del Carmen","Amy Poehler, Bill Hader, Lewis Black"
169,V for Vendetta,2005,8.1,132,1200000,PG,"In a future British dystopian society, a shadowy freedom fighter, known only by the alias of ""V"", plots to overthrow the tyrannical government - with the help of a young woman.",James McTeigue,"Hugo Weaving, Natalie Portman, Rupert Graves"
170,"Three Billboards Outside Ebbing, Missouri",2017,8.1,115,573000,R,A mother personally challenges the local authorities to solve her daughter's murder when they fail to catch the culprit.,Martin McDonagh,"Frances McDormand, Woody Harrelson, Sam Rockwell"
171,Raging Bull,1980,8.1,129,391000,PG-13,"The life of boxer Jake LaMotta, whose violence and temper that led him to the top in the ring destroyed his life outside of it.",Martin Scorsese,"Robert De Niro, Cathy Moriarty, Joe Pesci"
172,The Bridge on the River Kwai,1957,8.1,161,239000,R,"British POWs are forced to build a railway bridge across the river Kwai for their Japanese captors in occupied Burma, not knowing that the allied forces are planning a daring commando raid through the jungle to destroy it.",David Lean,"William Holden, Alec Guinness, Jack Hawkins"
173,Trainspotting,1996,8.1,93,743000,PG-13,"Renton, deeply immersed in the Edinburgh drug scene, tries to clean up and get out despite the allure of drugs and the influence of friends.",Danny Boyle,"Ewan McGregor, Ewen Bremner, Jonny Lee Miller"
174,Catch Me If You Can,2002,8.1,141,1100000,PG-13,"Barely 17 yet, Frank is a skilled forger who has passed as a doctor, lawyer and pilot. FBI agent Carl becomes obsessed with tracking down the con man, who only revels in the pursuit.",Steven Spielberg,"Leonardo DiCaprio, Tom Hanks, Christopher Walken"
175,Fargo,1996,8.1,98,745000,R,Minnesota car salesman Jerry Lundegaard's inept crime falls apart due to his and his henchmen's bungling and the persistent police work of the quite pregnant Marge Gunderson.,"Joel Coen, Ethan Coen","William H. Macy, Frances McDormand, Steve Buscemi"
176,Warrior,2011,8.1,140,509000,PG-13,"The youngest son of an alcoholic former boxer returns home, where he's trained by his father for competition in a mixed martial arts tournament - a path that puts the fighter on a collision course with his estranged, older brother.",Gavin O'Connor,"Tom Hardy, Nick Nolte, Joel Edgerton"
177,Harry Potter and the Deathly Hallows: Part 2,2011,8.1,130,983000,PG-13,"As the battle between the forces of good and evil in the wizarding world escalates, Harry Potter draws ever closer to his final confrontation with Voldemort.",David Yates,"Daniel Radcliffe, Emma Watson, Rupert Grint"
178,Gran Torino,2008,8.1,116,832000,G,"After a Hmong teenager tries to steal his prized 1972 Gran Torino, a disgruntled, prejudiced Korean War veteran seeks to redeem both the boy and himself.",Clint Eastwood,"Clint Eastwood, Bee Vang, Christopher Carley"
179,Spider-Man: No Way Home,2021,8.2,148,929000,R,"With Spider-Man's identity now revealed, Peter asks Doctor Strange for help. When a spell goes wrong, dangerous foes from other worlds start to appear.",Jon Watts,"Tom Holland, Zendaya, Benedict Cumberbatch"
180,Million Dollar Baby,2004,8.1,132,739000,G,"Frankie, an ill-tempered old coach, reluctantly agrees to train aspiring boxer Maggie. Impressed with her determination and talent, he helps her become the best and the two soon form a close bond.",Clint Eastwood,"Hilary Swank, Clint Eastwood, Morgan Freeman"
181,My Neighbor Totoro,1988,8.1,86,399000,PG,"When two girls move to the country to be near their ailing mother, they have adventures with the wondrous forest spirits who live nearby.",Hayao Miyazaki,"Hitoshi Takagi, Noriko Hidaka, Chika Sakamoto"
182,Mad Max: Fury Road,2015,8.1,120,1100000,PG,"In a post-apocalyptic wasteland, a woman rebels against a tyrannical ruler in search for her homeland with the aid of a group of female prisoners, a psychotic worshipper and a drifter named Max.",George Miller,"Tom Hardy, Charlize Theron, Nicholas Hoult"
183,Ben-Hur,1959,8.1,212,260000,R,"A Jewish prince is betrayed and sent into slavery by a Roman friend in 1st-century Jerusalem, but it's not long before he regains his freedom and comes back for revenge.",William Wyler,"Charlton Heston, Jack Hawkins, Stephen Boyd"
184,Children of Heaven,1997,8.2,89,84000,R,"After a boy loses his sister's pair of shoes, he goes on a series of adventures in order to find them. When he can't, he tries a new way to ""win"" a new pair.",Majid Majidi,"Reza Naji, Amir Farrokh Hashemian, Bahare Seddiqi"
185,Barry Lyndon,1975,8.1,185,190000,R,An Irish rogue wins the heart of a rich widow and assumes her dead husband's aristocratic position in 18th-century England.,Stanley Kubrick,"Ryan O'Neal, Marisa Berenson, Patrick Magee"
186,12 Years a Slave,2013,8.1,134,757000,R,"In the antebellum United States, Solomon Northup, a free black man from upstate New York, is abducted and sold into slavery.",Steve McQueen,"Chiwetel Ejiofor, Michael Kenneth Williams, Michael Fassbender"
187,Before Sunrise,1995,8.1,101,353000,R,"A young man and woman meet on a train in Europe, and wind up spending one evening together in Vienna. Unfortunately, both know that this will probably be their only night together.",Richard Linklater,"Ethan Hawke, Julie Delpy, Andrea Eckert"
188,Blade Runner,1982,8.1,117,845000,PG,A blade runner must pursue and terminate four replicants who stole a ship in space and have returned to Earth to find their creator.,Ridley Scott,"Harrison Ford, Rutger Hauer, Sean Young"
189,The Grand Budapest Hotel,2014,8.1,99,914000,R,"A writer encounters the owner of an aging high-class hotel, who tells him of his early years serving as a lobby boy in the hotel's glorious years under an exceptional concierge.",Wes Anderson,"Ralph Fiennes, F. Murray Abraham, Mathieu Amalric"
190,Hacksaw Ridge,2016,8.1,139,624000,Not Rated,"World War II American Army Medic Desmond T. Doss, serving during the Battle of Okinawa, refuses to kill people and becomes the first man in American history to receive the Medal of Honor without firing a shot.",Mel Gibson,"Andrew Garfield, Sam Worthington, Luke Bracey"
191,Dead Poets Society,1989,8.1,128,578000,R,"Maverick teacher John Keating returns in 1959 to the prestigious New England boys' boarding school where he was once a star student, using poetry to embolden his pupils to new heights of self-expression.",Peter Weir,"Robin Williams, Robert Sean Leonard, Ethan Hawke"
192,Gone Girl,2014,8.1,149,1100000,G,The husband of a missing woman becomes the chief suspect in her disappearance.,David Fincher,"Ben Affleck, Rosamund Pike, Neil Patrick Harris"
193,Memories of Murder,2003,8.1,132,232000,Approved,"In a small Korean province in 1986, two detectives struggle with the case of multiple young women being found raped and murdered by an unknown culprit.",Bong Joon Ho,"Song Kang-ho, Kim Sang-kyung, Kim Roe-ha"
194,In the Name of the Father,1993,8.1,133,193000,G,"An Irish man's coerced confession to an I.R.A. bombing he did not commit results in the imprisonment of his father as well. Meanwhile, a British lawyer fights to clear their names and free them.",Jim Sheridan,"Daniel Day-Lewis, Pete Postlethwaite, Alison Crosbie"
195,"Monsters, Inc.",2001,8.1,92,1000000,R,"In order to power the city, monsters have to scare children so that they scream. However, the children are toxic to the monsters, and after a child gets through, two monsters realize things may not be what they think.","Pete Docter, David Silverman, Lee Unkrich","Billy Crystal, John Goodman, Mary Gibbs"
196,The Gold Rush,1925,8.1,95,122000,PG,"A prospector goes to the Klondike during the 1890s gold rush in hopes of making his fortune, and is smitten with a girl he sees in a dance hall.",Charles Chaplin,"Charles Chaplin, Mack Swain, Tom Murray"
197,Ratatouille,2007,8.1,111,867000,PG,A rat who can cook makes an unusual alliance with a young kitchen worker at a famous Paris restaurant.,"Brad Bird, Jan Pinkava","Brad Garrett, Lou Romano, Patton Oswalt"
198,Wild Tales,2014,8.1,122,225000,Passed,Six short stories that explore the extremities of human behavior involving people in distress.,Damián Szifron,"Darío Grandinetti, María Marull, Mónica Villa"
199,How to Train Your Dragon,2010,8.1,98,829000,R,"A hapless young Viking who aspires to hunt dragons becomes the unlikely friend of a young dragon himself, and learns there may be more to the creatures than he assumed.","Dean DeBlois, Chris Sanders","Jay Baruchel, Gerard Butler, Christopher Mintz-Plasse"
200,Jaws,1975,8.1,124,685000,Passed,"When a massive killer shark unleashes chaos on a beach community off Long Island, it's up to a local sheriff, a marine biologist, and an old seafarer to hunt the beast down.",Steven Spielberg,"Roy Scheider, Robert Shaw, Richard Dreyfuss"
201,Demon Slayer: Kimetsu no Yaiba - Tsuzumi Mansion Arc,2021,8.6,87,29000,Not Rated,Tanjiro ventures to the south-southeast where he encounters a cowardly young man named Zenitsu Agatsuma. He is a fellow survivor from Final Selection and his sparrow asks Tanjiro to help keep him in line.,Haruo Sotozaki,
202,Sherlock Jr.,1924,8.2,45,60000,PG-13,"A film projectionist longs to be a detective, and puts his meagre skills to work when he is framed by a rival for stealing his girlfriend's father's pocketwatch.",Buster Keaton,"Buster Keaton, Kathryn McGuire, Joe Keaton"
203,The Deer Hunter,1978,8.1,183,372000,Not Rated,An in-depth examination of the ways in which the Vietnam War impacts and disrupts the lives of several friends in a small steel mill town in Pennsylvania.,Michael Cimino,"Robert De Niro, Christopher Walken, John Cazale"
204,The General,1926,8.1,78,101000,Approved,"After being rejected by the Confederate military, not realizing it was due to his crucial civilian role, an engineer must single-handedly recapture his beloved locomotive after it is seized by Union spies and return it through enemy lines.","Clyde Bruckman, Buster Keaton","Buster Keaton, Marion Mack, Glen Cavender"
205,Mary and Max,2009,8.1,92,194000,Approved,"In 1976 Melbourne, a lonely 8-year-old girl strikes up a correspondence with an unlikely pen pal: a severely obese 44-year-old New Yorker with Asperger's syndrome.",Adam Elliot,"Toni Collette, Philip Seymour Hoffman, Eric Bana"
206,Maharaja,2024,8.4,141,61000,Not Rated,"A barber seeks vengeance after his home is burglarized, cryptically telling police his ""lakshmi"" has been taken, leaving them uncertain if it's a person or object. His quest to recover the elusive ""lakshmi"" unfolds.",Nithilan Saminathan,"Vijay Sethupathi, Anurag Kashyap, Mamta Mohandas"
207,Ford v Ferrari,2019,8.1,152,509000,Approved,American car designer Carroll Shelby and driver Ken Miles battle corporate interference and the laws of physics to build a revolutionary race car for Ford in order to defeat Ferrari at the 24 Hours of Le Mans in 1966.,James Mangold,"Matt Damon, Christian Bale, Jon Bernthal"
208,The Wages of Fear,1953,8.1,156,69000,R,"In a decrepit South American village, four men are hired to transport an urgent nitroglycerine shipment without the equipment that would make it safe.",Henri-Georges Clouzot,"Yves Montand, Charles Vanel, Peter van Eyck"
209,On the Waterfront,1954,8.1,108,170000,PG,"An ex-prize fighter turned New Jersey longshoreman struggles to stand up to his corrupt union bosses, including his older brother, as he starts to connect with the grieving sister of one of the syndicate's victims.",Elia Kazan,"Marlon Brando, Karl Malden, Lee J. Cobb"
210,Mr. Smith Goes to Washington,1939,8.1,129,125000,Not Rated,"A naive youth leader is appointed to fill a vacancy in the U.S. Senate. His idealistic plans promptly collide with corruption at home and subterfuge from his hero in Washington, but he tries to forge ahead despite attacks on his character.",Frank Capra,"James Stewart, Jean Arthur, Claude Rains"
211,Wild Strawberries,1957,8.1,92,119000,R,"After living a life marked by coldness, an aging professor is forced to confront the emptiness of his existence.",Ingmar Bergman,"Victor Sjöström, Bibi Andersson, Ingrid Thulin"
212,The Third Man,1949,8.1,104,188000,Not Rated,"Pulp novelist Holly Martins travels to shadowy, postwar Vienna, only to find himself investigating the mysterious death of an old friend, Harry Lime.",Carol Reed,"Orson Welles, Joseph Cotten, Alida Valli"
213,Logan,2017,8.1,137,876000,R,"In a future where mutants are nearly extinct, an elderly and weary Logan leads a quiet life. But when Laura, a mutant child pursued by scientists, comes to him for help, he must get her to safety.",James Mangold,"Hugh Jackman, Patrick Stewart, Dafne Keen"
214,Rocky,1976,8.1,120,651000,R,A small-time Philadelphia boxer gets a supremely rare chance to fight the world heavyweight champion in a bout in which he strives to go the distance for his self-respect.,John G. Avildsen,"Sylvester Stallone, Talia Shire, Burt Young"
215,Tokyo Story,1953,8.1,137,72000,R,"An old couple visit their children and grandchildren in the city, but receive little attention.",Yasujirô Ozu,"Chishû Ryû, Chieko Higashiyama, Sô Yamamura"
216,The Big Lebowski,1998,8.1,117,881000,PG-13,"Jeff ""The Dude"" Lebowski, mistaken for a millionaire of the same name, seeks restitution for his ruined rug and enlists his bowling buddies to help get it.","Joel Coen, Ethan Coen","Jeff Bridges, John Goodman, Julianne Moore"
217,The Seventh Seal,1957,8.1,96,205000,PG-13,"A knight returning to Sweden after the Crusades seeks answers about life, death, and the existence of God as he plays chess against the Grim Reaper during the Black Plague.",Ingmar Bergman,"Max von Sydow, Gunnar Björnstrand, Bengt Ekerot"
218,Spotlight,2015,8.1,129,514000,R,"The true story of how the Boston Globe uncovered the massive scandal of child molestation and cover-up within the local Catholic Archdiocese, shaking the entire Catholic Church to its core.",Tom McCarthy,"Mark Ruffalo, Michael Keaton, Rachel McAdams"
219,Room,2015,8.1,118,463000,Not Rated,"A little boy is held captive in a room with his mother since his birth, so he has never known the world outside.",Lenny Abrahamson,"Brie Larson, Jacob Tremblay, Sean Bridgers"
220,The Terminator,1984,8.1,107,953000,Approved,A cyborg assassin from the future attempts to find and kill a young woman who is destined to give birth to a warrior that will lead a resistance to save humankind from extinction.,James Cameron,"Arnold Schwarzenegger, Linda Hamilton, Michael Biehn"
221,Hotel Rwanda,2004,8.1,121,381000,R,"Paul Rusesabagina, a hotel manager, houses over a thousand Tutsi refugees during their struggle against the Hutu militia in Rwanda, Africa.",Terry George,"Don Cheadle, Sophie Okonedo, Joaquin Phoenix"
222,Pirates of the Caribbean: The Curse of the Black Pearl,2003,8.1,143,1200000,Approved,"Blacksmith Will Turner teams up with eccentric pirate ""Captain"" Jack Sparrow to save Elizabeth Swann, the governor's daughter and his love, from Jack's former pirate allies, who are now undead.",Gore Verbinski,"Johnny Depp, Geoffrey Rush, Orlando Bloom"
223,Platoon,1986,8.1,120,450000,Passed,"Chris Taylor, a neophyte recruit in Vietnam, finds himself caught in a battle of wills between two sergeants, one good and the other evil. A shrewd examination of the brutality of war and the duality of man in conflict.",Oliver Stone,"Charlie Sheen, Tom Berenger, Willem Dafoe"
224,La haine,1995,8.1,98,207000,R,24 hours in the lives of three young men in the French suburbs the day after a violent riot.,Mathieu Kassovitz,"Vincent Cassel, Hubert Koundé, Saïd Taghmaoui"
225,Jai Bhim,2021,8.7,164,223000,G,"When a tribal man is arrested for a case of alleged theft, his wife turns to a human-rights lawyer to help bring justice.",T.J. Gnanavel,"Suriya, Lijo Mol Jose, Manikandan K."
226,Before Sunset,2004,8.1,80,298000,PG,"Nine years after Jesse and Celine first met, they encounter each other again on the French leg of Jesse's book tour.",Richard Linklater,"Ethan Hawke, Julie Delpy, Vernon Dobtcheff"
227,The Best Years of Our Lives,1946,8.1,170,73000,R,"Three World War II veterans, two of them traumatized or disabled, return home to the American midwest to discover that they and their families have been irreparably changed.",William Wyler,"Myrna Loy, Dana Andrews, Fredric March"
228,The Passion of Joan of Arc,1928,8.1,114,63000,G,"In 1431, Jeanne d'Arc is placed on trial on charges of heresy. The ecclesiastical jurists attempt to force Jeanne to recant her claims of holy visions.",Carl Theodor Dreyer,"Maria Falconetti, Eugene Silvain, André Berley"
229,The Exorcist,1973,8.1,122,471000,R,"When a mysterious entity possesses a young girl, her mother seeks the help of two Catholic priests to save her life.",William Friedkin,"Ellen Burstyn, Max von Sydow, Linda Blair"
230,The Wizard of Oz,1939,8.1,102,445000,R,"Young Dorothy Gale and her dog Toto are swept away by a tornado from their Kansas farm to the magical Land of Oz and embark on a quest with three new friends to see the Wizard, who can return her to her home and fulfill the others' wishes.","Victor Fleming, King Vidor","Judy Garland, Frank Morgan, Ray Bolger"
231,The Incredibles,2004,8.0,115,841000,G,"While trying to lead a quiet suburban life, a family of undercover superheroes are forced into action to save the world.",Brad Bird,"Craig T. Nelson, Samuel L. Jackson, Holly Hunter"
232,Rush,2013,8.1,123,528000,Not Rated,"James Hunt and Niki Lauda, two extremely skilled Formula One racers, have an intense rivalry with each other. However, it is their enmity that pushes them to their limits.",Ron Howard,"Daniel Brühl, Chris Hemsworth, Olivia Wilde"
233,The Sound of Music,1965,8.1,172,272000,Not Rated,A young novice is sent by her convent in 1930s Austria to become a governess to the seven children of a widowed naval officer.,Robert Wise,"Julie Andrews, Christopher Plummer, Eleanor Parker"
234,Stand by Me,1986,8.1,89,457000,Approved,A writer recounts a childhood journey with his friends to find the body of a missing boy.,Rob Reiner,"Wil Wheaton, River Phoenix, Corey Feldman"
235,Network,1976,8.1,121,176000,PG,"A television network cynically exploits a deranged former anchor's ravings and revelations about mass media for its own profit, but finds that his message may be difficult to control.",Sidney Lumet,"Faye Dunaway, William Holden, Peter Finch"
236,Hachi: A Dog's Tale,2009,8.1,93,323000,Not Rated,"Professor Wilson discovers a lost Akita puppy on his way home. Despite objections from his wife, Hachi endears himself to the family and grows to be Parker's loyal companion. As their bond grows deeper, a beautiful relationship unfolds.",Lasse Hallström,"Richard Gere, Joan Allen, Cary-Hiroyuki Tagawa"
237,My Father and My Son,2005,8.2,112,96000,R,The family of a left-wing journalist is torn apart after the military coup of Turkey in 1980.,Çagan Irmak,"Çetin Tekindor, Fikret Kuskan, Hümeyra"
238,The Handmaiden,2016,8.1,145,183000,Approved,"In 1930s Korea, a girl is hired as a handmaiden to a Japanese heiress who lives a secluded life on a countryside estate. But the maid has a secret: She is a pickpocket recruited by a swindler to help seduce the Lady and steal her fortune.",Park Chan-wook,"Kim Min-hee, Ha Jung-woo, Cho Jin-woong"
239,To Be or Not to Be,1942,8.1,99,46000,PG,"During the German occupation of Poland, an acting troupe becomes embroiled in a Polish soldier's efforts to track down a German spy.",Ernst Lubitsch,"Carole Lombard, Jack Benny, Robert Stack"
240,The Iron Giant,1999,8.1,86,239000,Not Rated,A young boy befriends a giant robot from outer space that a paranoid government agent wants to destroy.,Brad Bird,"Eli Marienthal, Harry Connick Jr., Jennifer Aniston"
241,The Battle of Algiers,1966,8.1,121,69000,R,"In the 1950s, fear and violence escalate as the people of Algiers fight for independence from the French government.",Gillo Pontecorvo,"Brahim Hadjadj, Jean Martin, Yacef Saadi"
242,Into the Wild,2007,8.1,148,673000,PG-13,"After graduating from Emory University, top student and athlete Christopher McCandless abandons his possessions, gives his entire $24,000 savings account to charity and hitchhikes to Alaska to live in the wilderness.",Sean Penn,"Emile Hirsch, Vince Vaughn, Catherine Keener"
243,The Grapes of Wrath,1940,8.1,129,103000,Approved,"An Oklahoma family, driven off their farm by the poverty and hopelessness of the Dust Bowl, joins the westward migration to California, suffering the misfortunes of the homeless in the Great Depression.",John Ford,"Henry Fonda, Jane Darwell, John Carradine"
244,Groundhog Day,1993,8.0,101,706000,Not Rated,"A narcissistic, self-centered weatherman finds himself in a time loop on Groundhog Day.",Harold Ramis,"Bill Murray, Andie MacDowell, Chris Elliott"
245,A Man Escaped,1956,8.2,101,28000,Not Rated,A captured French Resistance fighter during World War II engineers a daunting escape from a German prison in France.,Robert Bresson,"François Leterrier, Charles Le Clainche, Maurice Beerblock"
246,Amores Perros,2000,8.0,154,258000,N/A,"An amateur dog fighter, a supermodel, and a derelict assassin, all separately struggling to find love, find their lives transformed by a devastating car wreck in Mexico City.",Alejandro G. Iñárritu,"Emilio Echevarría, Gael García Bernal, Goya Toledo"
247,The Help,2011,8.1,146,507000,N/A,"An aspiring author during the civil rights movement of the 1960s decides to write a book detailing the African American maids' point of view on the white families for which they work, and the hardships they go through on a daily basis.",Tate Taylor,"Viola Davis, Emma Stone, Octavia Spencer"
248,Rebecca,1940,8.1,130,151000,N/A,A self-conscious woman juggles adjusting to her new role as an aristocrat's wife and avoiding being intimidated by his first wife's spectral presence.,Alfred Hitchcock,"Laurence Olivier, Joan Fontaine, George Sanders"
249,A Silent Voice: The Movie,2016,8.1,130,113000,N/A,"A deaf girl, Shoko, is bullied by the popular Shoya. As Shoya continues to bully Shoko, the class turns its back on him. Shoko transfers and Shoya grows up as an outcast. Alone and depressed, the regretful Shoya finds Shoko to make amends.","Taichi Ishidate, Naoko Yamada","Miyu Irino, Saori Hayami, Aoi Yûki"
250,Andhadhun,2018,8.2,139,107000,N/A,"A series of mysterious events change the life of a blind pianist, who must now report a crime that he should technically know nothing of.",Sriram Raghavan,"Ayushmann Khurrana, Tabu, Radhika Apte"
